SALT_CODE,SALT_DESC,SALT_WEIGHT,SALT_FORMULA
0,Parent Structure,,
1,HYDROCHLORIDE,36.461,HCl
2,SODIUM,22.9898,Na
3,HYDRATE,18.02,H2O
4,HYDROBROMIDE,80.912,HBr
5,HYDROIODIDE,127.9124,HI
6,POTASSIUM,39.102,K
7,CALCIUM,40.08,Ca
8,SULFATE,98.0775,H2O4S
9,PHOSPHATE,97.9953,H3O4P
10,CITRATE,192.1265,C6H8O7
11,MALEATE,116.0741,C4H4O4
12,BENZOATE,122.1247,C7H6O2
13,OXALATE,90.0358,C2H2O4
14,ACETATE,60.053,C2H4O2
15,P-TOLUENESULFONATE,172.204,C7H8O3S
16,PAMOATE,388.3804,C23H16O6
17,NITRATE,63.0129,HNO3
18,L-(+)-TARTRATE,150.0888,C4H6O6
19,BICARBONATE,62.0253,CH2O3
20,AMMONIUM,17.0306,H3N
21,DIETHYLAMINE,73.139,C4H11N
22,TRIETHYLAMINE,101.1932,C6H15N
23,5-SULPHOSALICYLATE,218.1863,C7H6O6S
24,SUCCINATE,118.09,C4H6O4
25,MALONATE,104.0629,C3H4O4
26,BENZENESULFONATE,158.1769,C6H6O3S
27,METHANESULFONATE [=MESYLATE],96.1052,CH4O3S
28,FORMATE,46.0259,CH2O2
29,6-AZAURACIL,113.0763,C3H3N3O2
30,PROCAINE [=4-AMINO-BENZOIC ACID 2-DIETHYLAMINO-ETHYL ESTER],236.3165,C13H20N2O2
31,PIPERAZINE,86.1377,C4H10N2
32,BARIUM,139.3459,H2Ba
33,FLUOROBORATE,86.8046,BF4
34,DODECYLAMINE,185.3557,C12H27N
35,D-GLUCONATE,196.1583,C6H12O7
36,HEXYLRESORCINOL,194.2761,C12H18O2
37,LAURATE,200.3239,C12H24O2
38,Copper,63.55,Cu
39,Zinc,65.37,Zn
41,MALATE [=(+/-)-2-HYDROXY-SUCCINATE],134.0894,C4H6O5
42,FUMARATE [=2-BUTENEDIOATE],116.0741,C4H4O4
43,HEXAFLUOROPHOSPHATE,144.9642,F6P
44,MORPHOLINE,87.1224,C4H9NO
45,MAGNESIUM,24.312,Mg
46,3-HYDROXY-2-NAPHTHOATE,188.1846,C11H8O3
47,TANNATE,1701.2342,C76H52O46
48,STEARATE [=OCTADECANOATE],284.4864,C18H36O2
49,PHENOLPHTHALEIN,318.3322,C20H14O4
50,(+/-)-LACTATE,90.0795,C3H6O3
51,TRIFLUOROACETATE,114.0243,C2HF3O2
52,Di-alpha-Methylbenzylethylenediamine,268.41,C18H24N2
53,PERCHLORATE,100.4586,HClO4
54,CHOLINE,104.1734,C5H14NO
55,8-CHLOROTHEOPHYLLINATE,214.6124,C7H7ClN4O2
56,4-Benzylaminobenzenesulphonate,247.32,C13H13NO3S
57,CYCLOHEXYLAMINE,99.1772,C6H13N
58,HYDROFLUORIDE,20.0064,HF
59,BISULFITE,82.0781,H2O3S
60,DIMETHYLAMINE,45.0848,C2H7N
61,Lithium,6.94,Li
62,1-ETHYLPIPERIDINE,113.2043,C7H15N
63,PYRIDINE,79.1023,C5H5N
64,N-ACETYL-L-TYROSINE,223.2306,C11H13NO4
65,MONOMETHYLAMINE,31.0577,CH5N
66,PROPYLAMINE,59.1119,C3H9N
67,"""2,4,6-TRINITRO-PHENOL [=PICRATE]""",229.1067,C6H3N3O7
68,DIPROPYLAMINE,101.1932,C6H15N
69,PIPERIDINE,85.1501,C5H11N
70,AMSONATE,370.4055,C14H14N2O6S2
71,2-NAPHTHOL-6-SULFONATE [=6-HYDROXY-NAPHTHALENE-2-SULFONATE],224.2369,C10H8O4S
72,DINITROBENZENESULFONATE,248.172,C6H4N2O7S
73,ISETHIONATE,126.1317,C2H6O4S
74,L-(-)-DI-P-TOLUOYL TARTRATE,386.3617,C20H18O8
75,GUANIDINE,59.0711,CH5N3
76,"""NAPHTHALENE-1,5-DISULFONATE""",288.2997,C10H8O6S2
77,DIHYDROXYMALEATE,148.0729,C4H4O6
78,P-AMINOBENZENESULFONATE,173.1916,C6H7NO3S
79,THIOCYANATE,59.0898,CHNS
80,PYRROLIDINE,71.123,C4H9N
81,DIAMYLAMINE,157.3015,C10H23N
82,"""TRIS(HYDROXYMETHYL)AMINOMETHANE (TRIS)  [=2-AMINO-2-HYDROXYMETHYL-PROPANE-1,3-DIOL]""",121.1372,C4H11NO3
83,N-METHYLGLUCAMINE [=MEGLUMINE],195.2172,C7H17NO5
84,"""ETHANE-1,2-DIAMINE""",60.0995,C2H8N2
85,HYDROXYETHYLAMINE,61.0842,C2H7NO
86,DIETHANOLAMINE,105.1378,C4H11NO2
87,L-LYSINE,146.1907,C6H14N2O2
88,TETRABUTYL-AMMONIUM,242.472,C16H36N
89,ETHANESULFONATE [=ESYLATE],110.1323,C2H6O3S
91,"""1,2-ETHANEDISULFONATE [=EDISYLATE]""",190.1945,C2H6O6S2
92,2-NAPHTHALENESULFONATE [=NAPSYLATE],208.2375,C10H8O3S
93,TRIETHANOLAMINE,149.1914,C6H15NO3
94,L-ARGININE,174.2041,C6H14N4O2
95,L-EPHEDRINE,165.2372,C10H15NO
96,"""DICHLORO(3,4)BENZENESULPHONATE""",227.067,C6H4Cl2O3S
97,"""AMINO(2-)-4,5-DICHLOROBENZENESULPHONATE""",242.0817,C6H5Cl2NO3S
98,HYDROXY(P-)BENZENESULPHONATE,174.1763,C6H6O4S
0A,D-ARGININE,174.2041,C6H14N4O2
0B,D-ASPARTIC ACID,133.1047,C4H7NO4
0C,RS-Mandelate {=DL-Mandelic Acid},152.15,C8H8O3
0D,PHENYL-HYDRAZINE,108.1441,C6H8N2
0E,L-ASPARTIC ACID,133.1047,C4H7NO4
0F,ETHANOL,46.0695,C2H6O
0G,"""1,3,7-TRIMETHYL-3,7-DIHYDRO-PURINE-2,6-DIONE""",194.1945,C8H10N4O2
0H,SULFURIC ACID MONOETHYL ESTER,126.1317,C2H6O4S
0J,Undecanoic Acid,184.28085,C11H20O2
0K,TETRADECANOIC ACID,228.3781,C14H28O2
0L,HEXADECANOIC ACID,256.4322,C16H32O2
0M,AMINO-ACETIC ACID,75.0677,C2H5NO2
0N,ENANTHIC ACID,130.1884,C7H14O2
0P,4-OXO-PENTANOIC ACID,116.1177,C5H8O3
0Q,3-METHYL-BUTYRIC ACID,102.1343,C5H10O2
0R,PENTANOIC ACID,102.1343,C5H10O2
0S,SULFURIC ACID MONOBUTYL ESTER,154.1859,C4H10O4S
0T,(2-CYANO-ETHYL)-CYCLOHEXYL-DITHIOCARBAMIC ACID,228.3804,C10H16N2S2
0U,THIOCYANATO-ACETIC ACID,117.1269,C3H3NO2S
0V,"""2-CYCLOHEXYL-4,6-DINITRO-PHENOL""",266.2558,C12H14N2O5
0W,"""2-ETHYL-4,6-DINITRO-PHENOL""",212.1634,C8H8N2O5
0X,TRIPROPYL-AMINE,143.2744,C9H21N
0Y,"""BENZENESULFONIC ACID, 4-HYDROXY-2-METHYL-5-(1-METHYLETHYL)-""",230.2847,C10H14O4S
0Z,2-HYDROXY-QUINOLINE-4-CARBOXYLIC ACID,189.1722,C10H7NO3
1A,PHENOXY-ACETIC ACID,152.1512,C8H8O3
1B,3-METHYL-1-NITROSOOXY-BUTANE,117.1489,C5H11NO2
1C,alpha-(1-aminomethylethyl)-3-pyridinemethanol,166.22473,C9H14N2O
1D,"""[1,1'-BIPHENYL]-4-OL""",170.2129,C12H10O
1E,4-TERT-BUTYL-PHENOL,150.2225,C10H14O
1F,4-BENZYL-PHENOL,184.24,C13H12O
1G,NONANOIC ACID,158.2426,C9H18O2
1H,2-PENTYL-PHENOL,164.2496,C11H16O
1J,2-METHYL-PHENOL,108.1412,C7H8O
1K,"""BUTANOIC ACID, HEPTAFLUORO-""",214.0402,C4HF7O2
1L,(1H-imidazol-4-yl)methanol,98.10522,C4H6N2O
1M,ACETIC ACID ETHYL ESTER,88.1072,C4H8O2
1N,2-METHOXY-PHENOL,124.1406,C7H8O2
1P,METHOXY-ACETIC ACID,90.0795,C3H6O3
1Q,"""2,2-DICHLORO-PROPIONIC ACID""",142.9701,C3H4Cl2O2
1R,CYCLOHEXYL-DIMETHYL-AMINE,127.2314,C8H17N
1S,"""2,2,3-TRICHLORO-PROPIONIC ACID""",177.4152,C3H3Cl3O2
1T,DIPHOSPHORIC ACID,177.9753,H4O7P2
1U,TOLUENE-4-THIOSULFONIC ACID,188.2686,C7H8O2S2
1V,1-DECANESULFONIC ACID,222.349,C10H22O3S
1W,"""PHENOL, 2,2'-METHYLENEBIS[5-CHLORO-""",269.1295,C13H10Cl2O2
1X,4-CHLORO-1-HYDROXY-NAPHTHALENE-2-CARBOXYLIC ACID,222.6296,C11H7ClO3
1Y,Hexahydro-1H-azepine,99.17721,C6H13N
1Z,1-HEXANESULFONIC ACID,166.2407,C6H14O3S
2A,ACETONITRILE,41.0529,C2H3N
2B,"""NAPHTHALENE-2,3-DICARBOXYLIC ACID""",216.1952,C12H8O4
2C,"""6,7-DIHYDROXY-NAPHTHALENE-2-SULFONIC ACID""",240.2363,C10H8O5S
2D,ANTHRACENE-9-CARBOXYLIC ACID,222.2458,C15H10O2
2E,DOCOSYLAMINE,325.6266,C22H47N
2F,EICOSYLAMINE,297.5724,C20H43N
2G,"""[1,1'-BINAPHTHALENE]-3,3'-DICARBOXYLIC ACID, 4,4'-DIHYDROXY-""",374.3533,C22H14O6
2H,NA,388.3804,C23H16O6
2J,"""2,2'-DIHYDROXY-[1,1']BINAPHTHALENYL-6,6'-DICARBOXYLIC ACID""",374.3533,C22H14O6
2K,"""[1,1']BINAPHTHALENYL-8,8'-DICARBOXYLIC ACID""",342.3545,C22H14O4
2L,"""4,7-DIBROMO-3-HYDROXY-NAPHTHALENE-2-CARBOXYLIC ACID""",345.9767,C11H6Br2O3
2M,"""2-NAPHTHOIC ACID, 4,4'-METHYLENEBIS[1-HYDROXY-""",388.3804,C23H16O6
2N,4-[(3-CARBOXY-2-HYDROXY-1-NAPHTHALENYL)METHYL]-1-HYDROXY-2-NAPHTHALENECARBOXYLIC ACID,388.3804,C23H16O6
2P,"""4,4'-(PHENYLMETHYLENE)BIS[1-HYDROXY-2-NAPHTHALENECARBOXYLIC ACID""",464.4792,C29H20O6
2Q,4-[(6-CARBOXY-2-HYDROXY-1-NAPHTHALENYL)METHYL]-3-HYDROXY-2-NAPHTHALENECARBOXYLIC ACID,388.3804,C23H16O6
2R,7-BROMO-4-[(3-CARBOXY-2-HYDROXY-1-NAPHTHALENYL)METHYL]-3-HYDROXY-2-NAPHTHALENECARBOXYLIC ACID,467.2764,C23H15BrO6
2S,4-(3-CARBOXY-4-HYDROXY-BENZYL)-3-HYDROXY-NAPHTHALENE-2-CARBOXYLIC ACID,338.3198,C19H14O6
2T,7-BROMO-4-[(6-CARBOXY-2-HYDROXY-1-NAPHTHALENYL)METHYL]-3-HYDROXY-2-NAPHTHALENECARBOXYLIC ACID,467.2764,C23H15BrO6
2U,"""4,4'-METHYLENEBIS[7,8-DIBROMO-3-HYDROXY-2-NAPHTHOIC ACID""",703.9645,C23H12Br4O6
2V,3-HYDROXY-7-SULFO-NAPHTHALENE-2-CARBOXYLIC ACID,268.2468,C11H8O6S
2W,"""2,5-DIHYDROXY-NAPHTHALENE-1,6-DISULFONIC ACID""",320.2985,C10H8O8S2
2X,OCTANE,114.2327,C8H18
2Y,TRIMETHYLAMINE,59.1119,C3H9N
2Z,NA,625.0685,C23H13Br3O6
3A,"""7,8-DIBROMO-4-[(3-CARBOXY-2-HYDROXY-1-NAPHTHALENYL)METHYL]-3-HYDROXY-2-NAPHTHALENECARBOXYLIC ACID""",546.1724,C23H14Br2O6
3B,DIMETHYL-OCTADECYL-AMINE,297.5724,C20H43N
3C,1-METHYL-1H-PYRIDIN-2-YLIDENEAMINE,108.1441,C6H8N2
3D,5-CHLORO-1-METHYL-1H-PYRIDIN-2-YLIDENEAMINE,142.5891,C6H7ClN2
3E,DICHLORO-ACETIC ACID,128.943,C2H2Cl2O2
3F,DIMETHOXYMETHYL-DIMETHYL-AMINE,119.1649,C5H13NO2
3G,1-PROPANESULFONIC ACID,124.1594,C3H8O3S
3H,HEPTANE,100.2056,C7H16
3J,"""3,6-DIHYDROXY-NAPHTHALENE-2,7-DISULFONIC ACID""",320.2985,C10H8O8S2
3K,"""N,N-DIMETHYL-ACETAMIDE""",87.1224,C4H9NO
3L,"""3,5-DIBROMO-2-HYDROXY-BENZOIC ACID""",295.9161,C7H4Br2O3
3M,"""3,5-DINITRO-BIPHENYL-2-OL""",260.208,C12H8N2O5
3N,"""PHENOL, 2,2'-THIOBIS[4,6-DICHLORO-""",356.0564,C12H6Cl4O2S
3P,7-BROMO-3-HYDROXY-NAPHTHALENE-2-CARBOXYLIC ACID,267.0806,C11H7BrO3
3Q,"""2,6-DI-TERT-BUTYL-PHENOL""",206.3308,C14H22O
3R,"""2,5-DICHLORO-4-NITRO-PHENOL""",208.0017,C6H3Cl2NO3
3S,PENTANE,72.1514,C5H12
3T,"""ETHANE-1,2-DIOL""",62.0689,C2H6O2
3U,"""N-(4-CHLORO-PHENYL)-2-HYDROXY-3,5-DIIODO-BENZAMIDE""",499.476,C13H8ClI2NO2
3V,3-(1-METHYL-3-PROPYL-PYRROLIDIN-3-YL)-PHENOL,219.3296,C14H21NO
3W,"""3,5,3',5'-TETRACHLORO-BIPHENYL-2,2'-DIOL""",323.9924,C12H6Cl4O2
3X,"""[1,1'-BIPHENYL]-4,4'-DISULFONIC ACID""",314.3379,C12H10O6S2
3Y,"""BENZOIC ACID, 3,3'-THIOBIS[6-HYDROXY-""",306.2962,C14H10O6S
3Z,"""2-NAPHTHOIC ACID, 4,4'-THIOBIS[3-HYDROXY-""",406.4173,C22H14O6S
4A,7-ACETYLAMINO-4-HYDROXY-NAPHTHALENE-2-SULFONIC ACID,281.2892,C12H11NO5S
4B,"""2-NAPHTHALENECARBOXYLIC ACID, 4,4'-(PHENYLMETHYLENE)BIS[3-HYDROXY-""",464.4792,C29H20O6
4C,"""1,6-HEXANEDIAMINE""",116.2078,C6H16N2
4D,"""3,5-DIBROMO-N-(4-BROMO-PHENYL)-2-HYDROXY-BENZAMIDE""",449.9262,C13H8Br3NO2
4E,"""2#H/-NAPHTHO[1,2-#D/]TRIAZOLE-7-SULFONIC ACID, 2,2'-[1,2-ETHENEDIYLBIS(3-SULFO-4,1-PHENYLENE)]BIS-""",834.8434,C34H22N6O12S4
4F,"""2,2'-DIHYDROXY-[1,1']BINAPHTHALENYL-3,3'-DICARBOXYLIC ACID""",374.3533,C22H14O6
4G,"""BENZOIC ACID, 3,3'-SULFONYLBIS[6-HYDROXY-""",338.295,C14H10O8S
4H,"""BENZENE-1,4-DIOL""",110.1135,C6H6O2
4J,4-CHLORO-PHENOL,128.5591,C6H5ClO
4K,"""N1-(2,3,4,5,6-PENTACHLORO-PHENYL)-ETHANE-1,2-DIAMINE""",308.4234,C8H7Cl5N2
4L,BICYCLOHEXYL-4-YLAMINE,181.3238,C12H23N
4M,7-CHLORO-4-HYDROXY-QUINOLINE-3-CARBOXYLIC ACID,223.6172,C10H6ClNO3
4N,"""2,6-DIHYDROXY-ISONICOTINIC ACID""",155.1111,C6H5NO4
4P,"""2,6-DIIODO-4-NITRO-PHENOL""",390.9045,C6H3I2NO3
4Q,1-BROMO-NAPHTHALEN-2-OL,223.0707,C10H7BrO
4R,"""2-PROPENOIC ACID, HOMOPOLYMER""",72.0641,C3H4O2
4S,1-OCTADECANESULFONIC ACID,334.5658,C18H38O3S
4T,"""BENZENEMETHANAMINE, #N/-(PHENYLMETHYL)-""",197.2824,C14H15N
4U,(4-CHLORO-2-METHYL-PHENOXY)-ACETIC ACID,200.6233,C9H9ClO3
4V,1-[BIS-(2-HYDROXY-2-METHYL-PROPYL)-AMINO]-2-METHYL-PROPAN-2-OL,233.3539,C12H27NO3
4W,4-THIOCYANATO-PHENYLAMINE,150.2033,C7H6N2S
4X,2-FORMYL-BENZOIC ACID,150.1352,C8H6O3
4Y,2-HYDROXYIMINO-MALONONITRILE,95.0609,C3HN3O
4Z,2-PHENYLAMINO-BENZOIC ACID,213.2381,C13H11NO2
5A,"""2(1#H/)-PYRIMIDINONE, 4,6-DIMETHYL-""",124.1435,C6H8N2O
5B,"""2-AMINO-1-METHYL-1,5-DIHYDRO-IMIDAZOL-4-ONE""",113.1199,C4H7N3O
5C,IODOMETHANE,141.9395,CH3I
5D,SULFO-ACETIC ACID,140.1152,C2H4O5S
5E,1-METHYL-1H-PYRIDIN-4-ONE,245.1061,C6H3N3O8
5F,Copper(II) Chloride,134.452,Cl2Cu
5G,5-HYDROXY-NICOTINIC ACID,139.1117,C6H5NO3
5H,B-D-GLUCOPYRANURONIC ACID,194.1424,C6H10O7
5J,"""1,3-DIMETHYL-3,7-DIHYDRO-PURINE-2,6-DIONE""",180.1674,C7H8N4O2
5K,"""1,3-PROPANEDIAMINE, #N/,#N/-DIETHYL-""",130.2349,C7H18N2
5L,"""PHTHALAZINE-1,4-DIOL""",162.1492,C8H6N2O2
5M,8-QUINOLINOL,145.1622,C9H7NO
5N,5-ISOQUINOLINESULFONIC ACID,209.225,C9H7NO3S
5P,"""[1,1'-BIPHENYL]-4,4'-DIAMINE""",184.2428,C12H12N2
5Q,(2-BENZHYDRYLOXY-ETHYL)-DIMETHYL-AMINE,255.363,C17H21NO
5R,"""SPIRO[ISOBENZOFURAN-1(3#H/),9'-[9#H/]XANTHEN]-3-ONE, 2',4',5',7'-TETRABROMO-3',6'-DIHYDROXY-""",647.8998,C20H8Br4O5
5S,4-(7-CHLORO-QUINOLIN-4-YLAMINO)-2-DIETHYLAMINOMETHYL-PHENOL,355.8708,C20H22ClN3O
5T,BENZO[C]ACRIDIN-7-YL-(5-PIPERIDIN-1-YL-PENTYL)-AMINE,397.5682,C27H31N3
5U,"""[1,1'-BIPHENYL]-4,4'-DIOL, 3,3'-BIS[(DIETHYLAMINO)METHYL]-5,5'-DI-2-PROPENYL-""",436.6432,C28H40N2O2
5V,DIOCTADECYL-AMINE,522.0059,C36H75N
5W,"""1,3,5-NAPHTHALENETRISULFONIC ACID, 8,8'-[CARBONYLBIS[IMINO-3,1-PHENYLENECARBONYLIMINO(4-METHYL-3,1-PHENYLENE)CARBONYLIMINO]]BIS-""",1297.2979,C51H40N6O23S6
5X,"""2,5-DIHYDROXY-BENZOIC ACID""",154.1235,C7H6O4
5Y,"""3,4,5-TRIHYDROXY-BENZOIC ACID""",170.1229,C7H6O5
5Z,5-CHLORO-QUINOLIN-8-OL,179.6073,C9H6ClNO
6A,"""2,4-DIHYDROXY-BENZOIC ACID""",154.1235,C7H6O4
6B,4-HYDROXY-BENZOIC ACID,138.1241,C7H6O3
6C,"""BENZENE-1,3-DIOL""",110.1135,C6H6O2
6D,4-AMINO-BENZOIC ACID,137.1393,C7H7NO2
6E,1-PHENYL-PIPERAZINE,162.2365,C10H14N2
6F,5-BROMO-2-HYDROXY-BENZOIC ACID,217.0201,C7H5BrO3
6G,"""1,2,4,5-BENZENETETRACARBOXYLIC ACID""",254.1545,C10H6O8
6H,"""2-HYDROXY-3,5-DIIODO-BENZOIC ACID""",389.9169,C7H4I2O3
6J,8-HYDROXY-7-IODO-QUINOLINE-5-SULFONIC ACID,351.1209,C9H6INO4S
6K,"""PHENOL, 2,2'-THIOBIS[4-CHLORO-""",287.1664,C12H8Cl2O2S
6L,(4-CHLORO-2-ISOPROPYL-5-METHYL-PHENOXY)-ACETIC ACID,242.7046,C12H15ClO3
6M,"""(2,4-DICHLORO-PHENOXY)-ACETIC ACID""",221.0412,C8H6Cl2O3
6N,2-FURANCARBOXYLIC ACID,112.0858,C5H4O3
6P,"""(2,4,5-TRICHLORO-PHENOXY)-ACETIC ACID""",255.4863,C8H5Cl3O3
6Q,CYCLOHEXANEACETIC ACID,142.1996,C8H14O2
6R,5-CYCLOHEXYL-PENTANOIC ACID,184.2809,C11H20O2
6S,UNDEC-10-ENOIC ACID,184.2809,C11H20O2
6T,"""PHENOL, 2,2'-METHYLENEBIS[4-CHLORO-""",269.1295,C13H10Cl2O2
6U,1-(8-HYDROXY-QUINOLIN-5-YL)-ETHANONE,187.1999,C11H9NO2
6V,1-(5-NITRO-THIOPHEN-2-YL)-ETHANONE,171.1756,C6H5NO3S
6W,ACETAMIDE,59.0683,C2H5NO
6X,2-ISOPROPYL-5-METHYL-PHENOL,150.2225,C10H14O
6Y,BIPHENYL-2-OL,170.2129,C12H10O
6Z,2-BENZYL-PHENOL,184.24,C13H12O
7A,"""3,5-DICHLORO-2-HYDROXY-BENZOIC ACID""",207.0141,C7H4Cl2O3
7B,"""BENZOIC ACID, 3,3'-METHYLENEBIS[6-HYDROXY-""",288.2593,C15H12O6
7C,"""4-CHLORO-3,5-DIMETHYL-PHENOL""",156.6133,C8H9ClO
7D,2-NAPHTHALENOL,144.1747,C10H8O
7E,BENZOYLAMINO-ACETIC ACID,179.177,C9H9NO3
7F,"""1,3-DIHYDROXY-NAPHTHALENE-2-CARBOXYLIC ACID""",204.184,C11H8O4
7G,2-AMINO-7H-PURIN-6-OL,151.1285,C5H5N5O
7H,"""PYRIMIDINE-2,4-DIOL""",112.0887,C4H4N2O2
7J,"""3-ACETYL-6-METHYL-PYRAN-2,4-DIONE""",168.1506,C8H8O4
7K,HEXACHLOROPHENE,406.9096,C13H6Cl6O2
7L,"""2-CYCLOPENTENE-1-TRIDECANOIC ACID, (#S/)-""",280.4545,C18H32O2
7M,3H-BENZOTHIAZOLE-2-THIONE,167.2526,C7H5NS2
7N,8-HYDROXY-QUINOLINE-5-SULFONIC ACID,225.2244,C9H7NO4S
7P,2-DIMETHYLAMINO-ETHANOL,89.1384,C4H11NO
7Q,"""2,5-CYCLOHEXADIENE-1,4-DIONE, 2,5-DICHLORO-3,6-DIHYDROXY-""",208.9864,C6H2Cl2O4
7R,"""2,4,5-TRICHLORO-PHENOL""",197.4492,C6H3Cl3O
7S,"""2,4,6-TRICHLORO-PHENOL""",197.4492,C6H3Cl3O
7T,"""2,4-DICHLORO-PHENOL""",163.0042,C6H4Cl2O
7U,"""(2,6-DICHLORO-4-NITRO-PHENOXY)-ACETIC ACID""",266.0387,C8H5Cl2NO5
7V,PHENYL-ACETIC ACID,136.1518,C8H8O2
7W,CYCLOHEXANEPROPANOIC ACID,156.2267,C9H16O2
7X,4-CYCLOHEXYL-BUTYRIC ACID,170.2538,C10H18O2
7Y,6-CYCLOHEXYL-HEXANOIC ACID,198.3079,C12H22O2
7Z,"""4-(3,12-DIHYDROXY-10,13-DIMETHYL-HEXADECAHYDRO-CYCLOPENTA[A]PHENANTHREN-17-YL)-PENTANOIC ACID""",392.584,C24H40O4
8A,"""2-METHYL-4,5-DIHYDRO-1H-IMIDAZOLE""",84.1218,C4H8N2
8B,ERYTHROSIN,835.9014,C20H8I4O5
8C,FLUORESCEIN,332.3156,C20H12O5
8D,"""SPIRO[ISOBENZOFURAN-1(3#H/),9'-[9#H/]XANTHEN]-3-ONE, 4',5'-DIBROMO-3',6'-DIHYDROXY-2',7'-DINITRO-""",580.1028,C20H8Br2N2O9
8E,"""BENZENE-1,2-DIOL""",110.1135,C6H6O2
8F,4-CHLORO-2-ISOPROPYL-5-METHYL-PHENOL,184.6675,C10H13ClO
8G,METHANESULFONYLMETHANE,94.1329,C2H6O2S
8H,ACETYLAMINO-ACETIC ACID,117.1053,C4H7NO3
8J,2-AMINO-2-METHYL-PROPAN-1-OL,89.1384,C4H11NO
8K,3-NITRO-NAPHTHALENE-1-CARBOXYLIC ACID,217.1827,C11H7NO4
8L,"""PHENOL, 2,2'-METHYLENEBIS[4,6-DICHLORO-""",338.0195,C13H8Cl4O2
8M,2-AMINO-BENZOIC ACID,137.1393,C7H7NO2
8N,"""N,N'-DIBENZYL-ETHANE-1,2-DIAMINE""",292.2476,C10H16N2O8
8P,2-AMINO-2-PHENYL-ETHANOL,137.183,C8H11NO
8Q,D-LYSINE,146.1907,C6H14N2O2
8R,DL-LYSINE,146.1907,C6H14N2O2
8S,"""D-GLUCOSE, 4-#O/-]B/-D-GALACTOPYRANOSYL-""",342.3025,C12H22O11
8T,DEXTROSE,180.1589,C6H12O6
8U,BORIC ACID,61.8331,H3BO3
8V,11-CYCLOPENT-2-ENYL-UNDECANOIC ACID,252.4004,C16H28O2
8W,D-MANNITOL,182.1749,C6H14O6
8X,SUCROSE,342.3025,C12H22O11
8Y,"""HEXANOIC ACID, 3,5,5-TRIMETHYL-""",158.2426,C9H18O2
8Z,ISOPHTHALIC ACID,166.1346,C8H6O4
9A,"""2-PENTANOL, 4-AMINO-4-METHYL-""",117.1926,C6H15NO
9B,ISOPROPYLIDENE-HYDRAZINE,72.1106,C3H8N2
9C,4-TERT-BUTYL-2-CHLORO-PHENOL,184.6675,C10H13ClO
9D,2-BUTANAMINE,73.139,C4H11N
9E,HYDROGEN BROMODICHLORIDE,151.818,HBrCl2
9F,HYDROGEN CHLORODIBROMIDE,196.269,HBr2Cl
9G,HYDROGEN TRIIODIDE,381.7212,HI3
9H,THIOSULFURIC ACID,114.1421,H2O3S2
9J,PHOSPHORODICHLORIDIC ACID,134.8866,HCl2O2P
9K,MAGNESIUM CHLORIDE,95.218,Cl2Mg
9L,"""N,N'-BIS-(3-METHYL-HEXYL)-ETHANE-1,2-DIAMINE""",256.4787,C16H36N2
9M,TAUROCHOLIC ACID,515.7151,C26H45NO7S
9N,"""3,5,5-TRIMETHYL-HEXANE-1-SULFONIC ACID""",208.3219,C9H20O3S
9P,2-SULFO-SUCCINIC ACID DIOCTYL ESTER,422.5857,C20H38O7S
9Q,6-METHYL-PYRIDIN-2-YLAMINE,108.1441,C6H8N2
9R,"""2-SEC-BUTYL-4,6-DINITRO-PHENOL""",240.2175,C10H12N2O5
9S,"""2,3,4,6-TETRACHLORO-PHENOL""",231.8942,C6H2Cl4O
9T,"""2-(2-HYDROXY-4,6-DISULFO-PHENOXY)-1,3,2-BENZODIOXASTIBOLE-4,6-DISULFONIC ACID""",659.2019,C12H9O16S4Sb
9U,FORMAMIDE,45.0412,CH3NO
9V,5-PIPERAZIN-1-YL-PENTAN-1-OL,172.2726,C9H20N2O
9W,O-TOLYLAMINO-METHANESULFONIC ACID,201.2458,C8H11NO3S
9X,3-HYDROXY-2-PHENYL-QUINOLINE-4-CARBOXYLIC ACID,265.271,C16H11NO3
9Y,2-[BIS-(4-HYDROXY-PHENYL)-METHYL]-BENZOIC ACID,320.3481,C20H16O4
9Z,"""1,4,5,8-NAPHTHALENETETRACARBOXYLIC ACID""",304.2151,C14H8O8
A0,2-CHLOROANILINE - LEGACY SALT CODE WAS AO,127.5744,C6H6ClN
A1,2-HYDROXY-11H-BENZO[A]CARBAZOLE-3-CARBOXYLIC ACID,277.2821,C17H11NO3
A2,"""PERYLENE-3,10-DICARBOXYLIC ACID""",340.3385,C22H12O4
A3,"""14-(4-CHLORO-PHENYL)-14H-DIBENZO[A,J]XANTHENE-6,8-DICARBOXYLIC ACID""",480.9088,C29H17ClO5
A4,"""2-(2,7-DICHLORO-6-HYDROXY-3-OXO-3H-XANTHEN-9-YL)-BENZOIC ACID""",401.2057,C20H10Cl2O5
A5,"""BENZOIC ACID, 2-(4,5-DIBROMO-6-HYDROXY-3-OXO-3#H/-XANTHEN-9-YL)-""",490.1077,C20H10Br2O5
A6,3-HYDROXY-4-IODO-NAPHTHALENE-2-CARBOXYLIC ACID,314.081,C11H7IO3
A7,"""2-(3,6-DIHYDROXY-9H-XANTHEN-9-YL)-BENZOIC ACID""",334.3316,C20H14O5
A8,"""2-NAPHTHALENECARBOXYLIC ACID, 7-BROMO-4-[(3-CARBOXY-4-HYDROXY-1-NAPHTHALENYL)METHYL]-3-HYDROXY-""",467.2764,C23H15BrO6
A9,"""1,3,2-DITHIASTIBOLANE-4,5-DICARBOXYLIC ACID, 2,2'-[(1,2-DICARBOXY-1,2-ETHANEDIYL)BIS(THIO)]BIS-""",784.1062,C12H12O12S6Sb2
AA,OLEATE,282.4705,C18H34O2
AB,SALICYLATE,138.1241,C7H6O3
AC,DIPHENYLPHOSPHINATE,218.1941,C12H11O2P
AD,DICYCLOHEXYLAMINE,181.3238,C12H23N
AF,ANTHRAQUINONE-2-SULPHONATE,288.2809,C14H8O5S
AG,1-HYDROXYNAPHTHALENE-4-SULPHONATE,224.2369,C10H8O4S
AH,1-HYDROXYNAPHTHALENE-2-CARBOXYLATE,188.1846,C11H8O3
AK,(RS)-Camphor-10-sulphonate {=(RS)-Camphor-10-Sulphonic Acid},232.31,C10H16O4S
AL,DL-DIBENZOYLTARTRATE,358.3075,C18H14O8
AM,"""CINCHONAN-9-OL, (8]A/,9#R/)- CINCHONIDINE""",294.4,C19H22N2O
AN,NAPHTHALENE-1-SULPHONATE,208.2375,C10H8O3S
AP,"N,N-Dibenzylethylenediamine {=N,N'-bis-Phenylmethyl-1,2-Ethanediamine =Benzathine}",240.35,C16H20N2
AQ,"""DIPHENYL-2,2'-DICARBOXYLATE""",242.2334,C14H10O4
AR,L-HISTIDINE,155.1575,C6H9N3O2
AT,TRICHLOROACETATE,163.3881,C2HCl3O2
AU,D-GLUCURONATE,194.1424,C6H10O7
AV,CYCLOHEXYLSULPHAMATE [=CYCLAMATE],179.2394,C6H13NO3S
AW,ACETAMIDO(P-)BENZOATE,179.177,C9H9NO3
AX,Mercury,200.59,Hg
AY,Silver,107.87,Ag
AZ,SULPHAMATE,97.0928,H3NO3S
B0,"""2,4-DINITROPHENOL - LEGACY SALT CODE WAS BO""",184.1092,C6H4N2O5
B1,"""1,4-NAPHTHALENEDIONE, 2,2'-METHYLENEBIS[3-HYDROXY-""",360.3262,C21H12O6
B2,"""9,10-DIOXO-9,10-DIHYDRO-ANTHRACENE-2-CARBOXYLIC ACID""",252.2286,C15H8O4
B3,TEREPHTHALIC ACID,166.1346,C8H6O4
B4,"""2-NAPHTHALENESULFONIC ACID, 7,7'-(CARBONYLDIIMINO)BIS[4-HYDROXY-""",504.4977,C21H16N2O9S2
B5,2-HYDROXY-DIBENZOFURAN-3-CARBOXYLIC ACID,228.2063,C13H8O4
B6,"""[1,1'-BIPHENYL]-2,2'-DIOL""",186.2123,C12H10O2
B7,BIPHENYL-4-CARBOXYLIC ACID,198.2234,C13H10O2
B8,6-METHOXY-2-PHENYL-QUINOLINE-4-CARBOXYLIC ACID,279.2981,C17H13NO3
B9,2-(3-CARBOXY-4-HYDROXY-PHENYL)-QUINOLINE-4-CARBOXYLIC ACID,309.2809,C17H11NO5
BA,CITRACONATE,130.1012,C5H6O4
BB,METHYLHYDROGENPHTHALATE,180.1617,C9H8O4
BC,BROMOCAMPHORSULPHONATE,311.1966,C10H15BrO4S
BD,DODECYLBENZENESULPHONATE,326.502,C18H30O3S
BE,"""2,4,6-TRIMETHYLBENZENESULPHONATE""",200.2582,C9H12O3S
BF,P-TOLUIDINE,107.1565,C7H9N
BG,TRIFLUOROMETHYLSULPHONATE,150.0765,CHF3O3S
BH,S-(+)MANDELATE [=L-(+)-MANDELIC ACID],152.1512,C8H8O3
BJ,MORANTEL,220.3387,C12H16N2S
BK,N-METHYLPIPERAZINE,100.1648,C5H12N2
BL,R-(+)-ALPHA-METHYLBENZYLAMINE,121.1836,C8H11N
BM,N-TBOC-L-ALANINE,189.2131,C8H15NO4
BN,N-TBOC-D-ALANINE,189.2131,C8H15NO4
BP,"""2-AMINO-2-ETHYL-1,3-PROPANEDIOL""",119.1649,C5H13NO2
BQ,"""2,4-DINITRO-1-NAPHTHOL-7-SULFONATE [=FLAVIANIC ACID]""",314.2319,C10H6N2O8S
BR,RS-Camphanate {=RS-Camphanic Acid},198.22,C10H14O4
BS,BENZYL-((S)-1-PHENYL-ETHYL)-AMINE,211.3094,C15H17N
BT,DL-ASPARTATE,133.1047,C4H7NO4
BU,PICROLONATE,264.1991,C10H8N4O5
BV,1-R-(-)-CAMPHORSULFONATE,232.3006,C10H16O4S
BW,1-S-(+)-CAMPHORSULFONATE,232.3006,C10H16O4S
BX,Tin(2) {=Stannous},118.69,Sn
BY,"(+,-)-N-Benzyl-2-Phenethylamine",211.31,C15H17N
BZ,CYCLOPENTYLAMINE,85.1501,C5H11N
C0,NICOTINIC ACID - LEGACY SALT CODE WAS CO,123.1123,C6H5NO2
C1,"""1,5-ANTHRACENEDISULFONIC ACID, 9,10-DIHYDRO-9,10-DIOXO-""",368.3431,C14H8O8S2
C2,6-HYDROXY-BIPHENYL-3-CARBOXYLIC ACID,214.2228,C13H10O3
C3,"""9,10-DIOXO-9,10-DIHYDRO-ANTHRACENE-1,8-DISULFONIC ACID""",368.3431,C14H8O8S2
C4,"""9,10-DIOXO-9,10-DIHYDRO-ANTHRACENE-2,7-DISULFONIC ACID""",368.3431,C14H8O8S2
C5,4-BENZOYL-BENZOIC ACID,226.234,C14H10O3
C6,(2-HYDROXY-NAPHTHALEN-1-YL)-ACETIC ACID,202.2117,C12H10O3
C7,6-HYDROXY-NAPHTHALENE-2-CARBOXYLIC ACID,188.1846,C11H8O3
C8,"""BENZOIC ACID, 4,4'-[1,2-ETHANEDIYLBIS(OXY)]BIS-""",302.2864,C16H14O6
C9,9H-XANTHENE-9-CARBOXYLIC ACID,226.234,C14H10O3
CA,LAURYL SULFATE [=DODECYL SULFATE],266.4026,C12H26O4S
CB,D-(-)-TARTRATE,150.0888,C4H6O6
CC,ISOPROPYLAMINE,59.1119,C3H9N
CD,DIISOPROPYLAMINE,101.1932,C6H15N
CE,(+)-PSEUDOEPHEDRINE,165.2372,C10H15NO
CF,"""DICHLOROPHENYL[4-[2,4]/-/]-DHDPO""",311.1037,C11H13Cl2O4P
CG,(-)-PSEUDOEPHEDRINE,165.2372,C10H15NO
CH,M-NITROBENZENESULFONATE,203.1745,C6H5NO5S
CJ,ANILINE,93.1294,C6H7N
CK,Cesium Salt                                  ,140.12,Ce
CL,PROPANOATE,74.0801,C3H6O2
CM,"""3,5-DINITROBENZOATE""",212.1197,C7H4N2O6
CN,SULFURIC ACID MONOMETHYL ESTER,112.1046,CH4O4S
CQ,D-DI-P-TOLUOYL TARTRATE,386.3617,C20H18O8
CR,S-(-)-ALPHA-METHYLBENZYLAMINE,121.1836,C8H11N
CS,BRUCINE,394.4747,C23H26N2O4
CT,PHTHALATE,166.1346,C8H6O4
CU,R-(-)-MANDELATE,152.1512,C8H8O3
CV,QUININE,324.4265,C20H24N2O2
CW,D-EPHEDRINE,165.2372,C10H15NO
CX,SACCAHARIN,183.1868,C7H5NO3S
CY,N-TRIBUTYLAMINE,185.3557,C12H27N
CZ,Aluminium,26.98,Al
D0,OCTANOIC ACID - LEGACY SALT CODE WAS DO,144.2155,C8H16O2
D1,"""BIPHENYL-4,4'-DICARBOXYLIC ACID""",242.2334,C14H10O4
D2,9H-FLUORENE-1-CARBOXYLIC ACID,210.2346,C14H10O2
D3,"""14-PHENYL-14H-DIBENZO[A,J]XANTHENE-6,8-DICARBOXYLIC ACID""",446.4638,C29H18O5
D4,2-(1H-BENZOIMIDAZOL-2-YL)-BENZOIC ACID,238.248,C14H10N2O2
D5,"""BENZENESULFONAMIDE, 4-CHLORO-#N/-[(4-CHLOROPHENYL)SULFONYL]-""",366.2438,C12H9Cl2NO4S2
D6,"""5-QUINOLINESULFONIC ACID, 7,7'-METHYLENEBIS[8-HYDROXY-""",462.46,C19H14N2O8S2
D7,"""(1-METHYL-5,6,7,8-TETRAHYDRO-NAPHTHALEN-2-YLOXY)-ACETIC ACID""",220.2707,C13H16O3
D8,"""N-BENZO[C]ACRIDIN-7-YL-N'-OCTYL-PROPANE-1,3-DIAMINE""",413.6113,C28H35N3
D9,"""N,N'-DICYCLOHEXYL-GUANIDINE""",223.3643,C13H25N3
DA,DIPHENYLBORANE,166.0325,C12H11B
DB,Iron,55.85,Fe
DC,BENZYL(N-)-DIETHANOLAMINE,195.2636,C11H17NO2
DD,TERT-BUTYLAMINE,73.139,C4H11N
DE,BORON HYDRIDE,13.8349,H3B
DF,HYDROXYLAMINE,33.03,H3NO
DG,Tetrachloroferrate ion FeCl4(-)                    ,197.659,Cl4Fe
DH,Trichlorozincate ion ZnCl3(-),171.8,Cl3Zn
DJ,METHYLHYDRAZINE,46.0724,CH6N2
DK,2-HYDROXYETHYLHYDRAZINE,76.0989,C2H8N2O
DL,MONOETHYLAMINE,45.0848,C2H7N
DM,HYDRAZINE,32.0453,H4N2
DN,N-HYDROXYSUCCINIMIDE,115.0894,C4H5NO3
DP,"""(2-ETHYLHEXYL)-1,3-PROPANEDIAMINE""",186.3433,C11H26N2
DQ,"""N,N-DIETHYLETHANOLAMINE""",117.1926,C6H15NO
DR,1-ISONONYLAMINE,143.2744,C9H21N
DS,L-VALINOL,103.1655,C5H13NO
DT,TRIMETHYLACETATE,102.1343,C5H10O2
DU,4-CHLOROANILINE,127.5744,C6H6ClN
DV,O-BENZAMIDOGLYCOLIC ACID,195.1764,C9H9NO4
DW,1-OCTADECYLAMINE,269.5182,C18H39N
DX,"""ETHYL-N'(1-METHYLETHYL)TRIAZINE-2,4-DIAMINE""",181.2423,C8H15N5
DY,PHENOL,94.1141,C6H6O
DZ,OCTYLAMINE,129.2473,C8H19N
E0,"""BIS-4,4'-(N-BENZYL-DIETHANOLAMINE) - LEGACY SALT CODE WAS EO""",312.4126,C16H28N2O4
E1,"""4-MORPHOLINECARBOXIMIDAMIDE, #N/,#N/'-DICYCLOHEXYL-""",293.4561,C17H31N3O
E2,3-BENZYLAMINO-1-NAPHTHALEN-2-YL-PROPAN-1-ONE,289.3805,C20H19NO
E3,BENZYL-(1-BENZYL-2-PHENYL-ETHYL)-AMINE,301.4353,C22H23N
E4,(1-BENZYL-2-PHENYL-ETHYL)-(4-METHOXY-BENZYL)-AMINE,331.4618,C23H25NO
E5,3-BENZYLAMINO-1-BIPHENYL-4-YL-PROPAN-1-ONE,315.4188,C22H21NO
E6,(1-BENZYL-2-PHENYL-ETHYL)-(4-BUTOXY-BENZYL)-AMINE,373.5431,C26H31NO
E7,"""N-BENZO[C]ACRIDIN-7-YL-N'-{2-[2-(BENZO[C]ACRIDIN-7-YLAMINO)-ETHYLAMINO]-ETHYL}-ETHANE-1,2-DIAMINE""",600.7731,C40H36N6
E8,"""3,4-DICHLORO-BENZYLAMINE""",176.0465,C7H7Cl2N
E9,2-PHENYL-SUCCINIC ACID,194.1888,C10H10O4
EA,"""N,N-DIMETHYLBENZYLAMINE""",135.2107,C9H13N
EB,"""3-(DIMETHYLAMINO)-1,2-PROPANEDIOL""",119.1649,C5H13NO2
EC,"""N,N-DIMETHYLDODECYLAMINE""",213.4099,C14H31N
ED,2-METHYLPYRIDINE,93.1294,C6H7N
EE,4-METHYLPYRIDINE,93.1294,C6H7N
EF,"""2,6-DIMETHYLPYRIDINE""",107.1565,C7H9N
EG,QUINOLINE,129.1628,C9H7N
EH,METHYL NICOTINATE,137.1393,C7H7NO2
EJ,"""1,1-DIMETHYLHYDRAZINE""",60.0995,C2H8N2
EK,N-(TERT-BUTYL)BENZYLAMINE,163.2648,C11H17N
EL,P-CHLOROCINNAMATE,182.6079,C9H7ClO2
EM,CIS-N-BENZYL-2-(HYDROXYMETHYL)CYCLOHEXYLAMINE,219.3296,C14H21NO
EN,LIDOCAINE,234.3442,C14H22N2O
EP,"""DIMETHYL(2,6-)PIPERIDINE""",113.2043,C7H15N
EQ,IMIDAZOLE,68.0787,C3H4N2
ER,CYCLOHEXYLMETHYL(N-)-DIETHANOLAMINE,201.3115,C11H23NO2
ES,Dibromoiodide {=Iodinedibromide},286.7124,Br2I
ET,BENZYLAMINE,107.1565,C7H9N
EU,R-(+)-1-(1-NAPHTHYL)ETHYLAMINE,171.2441,C12H13N
EV,ISOBUTYRIC ACID,88.1072,C4H8O2
EW,N-BUTYLAMINE,73.139,C4H11N
EX,S-(+)-1-CYCLOHEXYLETHYLAMINE,127.2314,C8H17N
EY,METHACRYLATE,86.0912,C4H6O2
EZ,"(+-)-1,1'-Binaphthyl-2,2'-Diyl-Hydrogenphosphate",348.29,C20H13O4P
F0,BENZAMIDE - LEGACY SALT CODE WAS FO,121.1399,C7H7NO
F1,"""2,2,3,3,3-PENTAFLUORO-PROPIONIC ACID""",164.0322,C3HF5O2
F2,"""4-(1-METHYL-1-PHENYL-ETHYL)-BENZENE-1,2-DIOL""",228.2936,C15H16O2
F3,"""2,4-DIBROMO-6-NITRO-PHENOL""",296.9037,C6H3Br2NO3
F4,PHENYLSULFANYL-ACETIC ACID,168.2158,C8H8O2S
F5,HYDROXY-ACETIC ACID,76.0524,C2H4O3
F6,1-HYDROXY-1H-PYRIDINE-2-THIONE,127.1657,C5H5NOS
F7,"""2,6-DIBROMO-4-(3-PHENYL-ALLYL)-PHENOL""",368.0703,C15H12Br2O
F8,4-[4-(3-CHLORO-4-METHYL-PHENYL)-PIPERAZIN-1-YL]-4-OXO-BUT-2-ENOIC ACID,308.7673,C15H17ClN2O3
F9,"""BUTANEDIOIC ACID, 2,3-DIHYDROXY-, (#R/*,#R/*)-(=+/)-""",116.2078,C6H16N2
FA,N-DECANOATE,172.2697,C10H20O2
FB,AMINO-ACETIC ACID ETHYL ESTER,103.1218,C4H9NO2
FC,L-LEUCINE ETHYL ESTER,159.2302,C8H17NO2
FD,L-ALANINE ETHYL ESTER,117.1489,C5H11NO2
FE,"""2,4,6-TRINITROBENZOATE""",257.1173,C7H3N3O8
FF,"""2-AMINO-3-CHLORO-1,4-ANTHRAQUINONE""",257.6784,C14H8ClNO2
FG,2-AMINO-2-THIAZOLINE,102.1587,C3H6N2S
FH,BENZOYL ACETIC ACID,164.1623,C9H8O3
FJ,P-CHLOROBENZOYL ACETIC ACID,198.6073,C9H7ClO3
FK,N-AMYLAMINE,87.1661,C5H13N
FL,Sulphimic Acid {=Sulfimic Acid},81.09,H3NO2S
FM,3-NITRO-4-(2-PYRROLIDINONE BENZENE SULFONATE,286.265,C10H10N2O6S
FN,2-ETHYL-2-METHYLSUCCINATE,160.1713,C7H12O4
FP,L-VALINE ETHYL ESTER,145.2031,C7H15NO2
FQ,(N)-HEXADECYLAMINE,241.4641,C16H35N
FR,2-AMINO-1-PHENYLETHANOL,137.183,C8H11NO
FS,2-AMINOETHANETHIOL,77.1488,C2H7NS
FT,MONO-ETHYL OXALATE,118.09,C4H6O4
FU,Acetylsalicylate {=Aspirin},180.16,C11H11O6
FV,1-ADAMANTANAMINE,151.2537,C10H17N
FW,CYTOSINE,111.104,C4H5N3O
FX,L-SERINE ETHYL ESTER,133.1483,C5H11NO3
FY,1-ETHYLPROPYLAMINE,87.1661,C5H13N
FZ,"""3,4,4'-TRICHLOROCARBANILIDE""",315.5885,C13H9Cl3N2O
G0,M-NITROBENZOIC ACID - LEGACY SALT CODE WAS GO,167.1222,C7H5NO4
G1,"""N>1_-ISOPROPYL-2-METHYL-PROPANE-1,2-DIAMINE""",130.2349,C7H18N2
G2,"""#L/-PROLINE, 5-OXO-1-(#P/-TOLYLSULFONYL)-""",283.3051,C12H13NO5S
G3,5-OXO-PYRROLIDINE-2-CARBOXYLIC ACID,129.1164,C5H7NO3
G4,"""D-GLUCOPYRANOSE, 6-PHOSPHATE ESTER""",260.1389,C6H13O9P
G5,"""1,2-DIMETHOXY-ETHANE""",90.1231,C4H10O2
G6,2-SULFO-PROPIONIC ACID,154.1423,C3H6O5S
G7,2-METHYL-2-SULFO-PROPIONIC ACID,168.1694,C4H8O5S
G8,2-TERT-BUTOXY-2-METHYL-PROPANE,130.2321,C8H18O
G9,TRIS-HYDROXYMETHYL-METHYL-AMMONIUM,122.1451,C4H12NO3
GA,QUINIDINE,324.4265,C20H24N2O2
GB,CINCHONINE,294.4,C19H22N2O
GC,"""D(-)2-AMINO-1-(4-NITROPHENYL)-1,3-PROPANEDIOL""",212.207,C9H12N2O4
GD,L-DIBENZOYLTARTRATE,358.3075,C18H14O8
GE,R(-)-Cyclohexylethylamine,127.23,C8H17N
GF,(1S)-(+)-3-BROMOCAMPHOR-10-SULPHONIC ACID,311.1966,C10H15BrO4S
GG,"""[(1S)-(ENDO,ANTI)](-)-3-BROMOCAMPHOR-8-SULPHONATE""",311.1966,C10H15BrO4S
GH,"""[(1R)-(ENDO,ANTI)](+)-3-BROMOCAMPHOR-8-SULPHONATE""",311.1966,C10H15BrO4S
GJ,N-BENZYLSULFAMATE,187.2187,C7H9NO3S
GK,"""1,2-BENZENEDIAMINE""",108.1441,C6H8N2
GL,ISOPROPYLSULFAMATE,139.1741,C3H9NO3S
GM,N-BUTYLSULFAMATE,153.2012,C4H11NO3S
GN,N-HEPTYLSULFAMATE,195.2824,C7H17NO3S
GP,2-CHLOROETHANEPHOSPHONATE,144.4951,C2H6ClO3P
GQ,ADIPIC ACID [=HEXANEDIOIC ACID],146.1442,C6H10O4
GR,2-AMINOPYRIDINE,94.117,C5H6N2
GS,ACETAMIDINE,58.0835,C2H6N2
GT,Acetylsalicylsalycilate,300.26,C16H12O6
GU,TETRAPHENYLBORATE,319.238,C24H20B
GV,ALLYLAMINE [=3-AMINOPROPYLENE],57.0959,C3H7N
GW,P-ANISIDINE [=4-METHOXYBENZENAMINE],123.1559,C7H9NO
GX,HYDROCINCHONINE,296.4159,C19H24N2O
GY,CHLOROACETATE,94.498,C2H3ClO2
GZ,N-DI-N-BUTYLAMINE,129.2473,C8H19N
H0,URACIL-6-CARBOXYLATE [=OROTIC ACID] - LEGACY SALT CODE WAS HO,156.0986,C5H4N2O4
H1,"""2,3,5,6-TETRACHLORO-BENZENE-1,4-DIOL""",247.8936,C6H2Cl4O2
H2,1-PIPERIDINEETHANOL,129.2037,C7H15NO
H3,"""D-TYROSINE, N-ACETYL-3-METHOXY-O-METHYL""",267.2841,C13H17NO5
H4,BORANECARBONITRILE,38.8448,CH2BN
H5,"""1,3-DICYCLOHEXYL-UREA""",224.349,C13H24N2O
H6,TOLUENE-2-SULFONIC ACID ANION,172.204,C7H8O3S
H7,"""D-GLUCONIC ACID, 4-#O/-]B/-D-GALACTOPYRANOSYL-""",358.3019,C12H22O12
H8,MANGANESE HYDROXIDE,88.9527,H2MnO2
H9,"""PIPERIDINE, 1-METHYL-""",99.1772,C6H13N
HA,3-CHLOROBENZOATE,156.5697,C7H5ClO2
HB,N-METHYLMORPHOLINE,101.1495,C5H11NO
HC,2-METHYLBENZENAMINE,107.1565,C7H9N
HD,M-TOLUIDINE [=3-METHYLBENZAMINE],107.1565,C7H9N
HE,o-Anisidine {=3-Methoxybenzamine},123.15588,C7H9NO
HF,O-MERCAPTOBENZOATE,154.1887,C7H6O2S
HG,P-NITROANILINE,138.1269,C6H6N2O2
HH,P-CHLOROBENZENESULFONATE,192.622,C6H5ClO3S
HJ,1-NAPHTHOL,144.1747,C10H8O
HK,PENTACHLOROPHENOL,266.3393,C6HCl5O
HL,2-PHENETHYLAMINE,121.1836,C8H11N
HM,P-NITROPHENOL,139.1117,C6H5NO3
HN,4-PYRIDINECARBOXYLATE,123.1123,C6H5NO2
HP,2-ADAMANTANAMINE,151.2537,C10H17N
HQ,2-AMINOTHIAZOLE,100.1427,C3H4N2S
HR,2-AMINOGLYCEROL,107.1101,C3H9NO3
HS,2-CHLORO-6-HYDROXYBENZOATE,172.5691,C7H5ClO3
HT,3-AMINOPROPIONITRILE,70.0947,C3H6N2
HU,HEXYLAMINE,101.1932,C6H15N
HV,GLUTAMATE,147.1318,C5H9NO4
HW,TETRAMETHYLAMMONIUM,74.1469,C4H12N
HX,NICOTINAMIDE,122.1275,C6H6N2O
HY,L-METHYL LEUCINE,145.2031,C7H15NO2
HZ,2-(2-AMINOETHOXY)ETHANOL,105.1378,C4H11NO2
IG,"2,3-Dihydroxysuccinic acid",150.08882,C4H6O6
IK,1-Phenylethylamine {Unknown stereo},121.18357,C8H11N
J0,(R)-(-)-CITRAMALIC ACID - LEGACY SALT CODE WAS JO,148.1165,C5H8O5
J1,BENZYL-TRIETHYL-AMMONIUM,192.327,C13H22N
J2,{2-[(4-BROMO-PHENYL)-PHENYL-METHOXY]-ETHYL}-DIMETHYL-AMINE,334.2591,C17H20BrNO
J3,HYDROXY-PHENYL-ACETIC ACID,152.1512,C8H8O3
J4,DIMETHYL-DITHIOCARBAMIC ACID,121.2239,C3H7NS2
J5,2-(2-CHLORO-PHENOXY)-PROPIONIC ACID,200.6233,C9H9ClO3
J6,ADENOSINE-5'-MONOPHOSPHATE,347.2262,C10H14N5O7P
J7,"""1,3,5,7-TETRAAZA-ADAMANTANE""",140.1893,C6H12N4
J8,CINNAMIC ACID,148.1629,C9H8O2
J9,4-(1-PHENYL-ETHYL)-PHENOL,198.2671,C14H14O
JA,(+)-N-Benzyl-2-Phenylethylamine {=Benethamine},211.31,C15H17N
JB,L-ASCORBIC ACID  [=VITAMIN C],176.1271,C6H8O6
JC,ISOASCORBIC ACID  [=ERYTHORBIC ACID],176.1271,C6H8O6
JD,P-ANISIC ACID [= 4-METHOXY BENZOIC ACID],152.1512,C8H8O3
JE,"""2,6-TOLYLENE-DIISOCYANATE""",174.1604,C9H6N2O2
JF,NITRITE,47.0135,HNO2
JG,P-AMINOSALICYLATE,153.1387,C7H7NO3
JH,(DL)-TARTRATE [= RS-TARTRATE],150.0888,C4H6O6
JJ,(R)-2-AMINO-BUTAN-1-OL,89.1384,C4H11NO
JK,S-(+)-2-AMINO-BUTANOL,89.1384,C4H11NO
JL,"S(+)-1,1'-Binaphth-2,2'-diyl-hydrogenphosphate",348.29,C20H13O4P
JM,"""(1S,3R)-(-)-CAMPHORIC ACID""",200.2366,C10H16O4
JN,(S)-(+)-CITRAMALIC ACID,148.1165,C5H8O5
JP,P-TOLUENESULPHINATE,156.2046,C7H8O2S
JQ,DL-2-PYRROLIDONE-4-CARBOXYLIC ACID,129.1164,C5H7NO3
JR,R-MALATE [=R-MALIC ACID/HYDROXYSUCCINIC ACID,134.0894,C4H6O5
JS,S-MALATE [=S-MALIC ACID/HYDROXYSUCCINIC ACID],134.0894,C4H6O5
JT,PHOSPHITE [=PHOSPHOROUS ACID],81.9959,H3O3P
JU,"""3-AMINO-PROPANE-1,2-DIOL""",91.1107,C3H9NO2
JV,"""3-[(E)-2-(1-METHYL-1,4,5,6-TETRAHYDRO-PYRIMIDIN-2-YL)-VINYL]-PHENOL""",216.2853,C13H16N2O
JW,"""2-AMINO-2-METHOXY-PROPANE-1,3-DIOL""",121.1372,C4H11NO3
JX,2-METHYL-PROPANE-2-THIOL,90.1883,C4H10S
JY,"""6,6'-DIBROMO-2,2'-DIHYDROXY-[1,1']BINAPHTHALENYL-3,3'-DICARBOXYLIC ACID""",532.1453,C22H12Br2O6
JZ,"""2-NAPHTHOIC ACID, 4,4'-METHYLENEBIS[7-BROMO-3-HYDROXY-""",546.1724,C23H14Br2O6
K0,DIBENZOYL-D-TARTRATE - LEGACY SALT CODE WAS KO,358.3075,C18H14O8
K1,2-AMINO-PROPAN-2-OL,75.1113,C3H9NO
K2,4-AMINO-BENZENESULFONAMIDE,172.2069,C6H8N2O2S
K3,"""4-HYDROXY-3,5-DIIODO-BENZOIC ACID""",389.9169,C7H4I2O3
K4,"""2-METHYL-4,6-DINITRO-PHENOL""",198.1363,C7H6N2O5
K5,BENZAMIDINE,120.1552,C7H8N2
K6,METHANETHIOL,48.107,CH4S
K7,"""5,5'-[2-HYDROXY-1,3-PROPANEDIYLBIS(OXY)]BIS[4-OXO-4#H/-1-BENZOPYRAN-2-CARBOXYLATE]""",468.3774,C23H16O11
K8,DIPHENYL-ACETIC ACID,212.2505,C14H12O2
K9,"""1,3,4,6,7,8-HEXAHYDRO-2H-PYRIMIDO[1,2-A]PYRIMIDINE""",139.2018,C7H13N3
KA,L-(-)-TETRAMISOLE,204.2957,C11H12N2S
KB,IBUPROFEN,206.2872,C13H18O2
KC,S-(-)-1-NAPHTHYLETHYLAMINE,171.2441,C12H13N
KD,Lead,207.28,Pb
KE,"""1R,3S-(+)-CAMPHORIC ACID""",200.2366,C10H16O4
KF,"R(-)-1,1'-Binaphth-2,2'-diyl-hydrogenphosphate",348.29,C20H13O4P
KG,RS-ALPHA-METHYLBENZYLAMINE,121.1836,C8H11N
KH,"""1R,2S-(-)-N-METHYLEPHEDRINE""",179.2642,C11H17NO
KJ,"""1R,2S-(-)-NOREPHEDRINE""",151.2101,C9H13NO
KK,"""1S,2R-(+)-NOREPHEDRINE""",151.2101,C9H13NO
KL,1-METHYL-2-PYRROLIDINONE,99.1336,C5H9NO
KM,(N-)HEXANOATE,116.1613,C6H12O2
KN,"""N,N-DIISOPROPYLETHYLAMINE""",129.2473,C8H19N
KP,(L)-2-PYRROLIDINE CARBOXLIC ACID [=L-PROLINE],115.133,C5H9NO2
KQ,(D)-2-PYRROLIDINE CARBOXLIC ACID [=D-PROLINE],115.133,C5H9NO2
KR,SILICIC ACID,78.1001,H2O3Si
KS,LINOLEIC ACID,280.4545,C18H32O2
KT,1-NAPHTHOIC ACID,172.1852,C11H8O2
KU,2-NAPHTHOXYACETIC ACID,202.2117,C12H10O3
KV,D-(-)-LACTATE,90.0795,C3H6O3
KW,L-(+)-LACTATE,90.0795,C3H6O3
KX,"""2,3-DIMETHYLANALINE""",121.1836,C8H11N
KY,"""1,1-DIPHENYLMETHYLAMINE""",183.2553,C13H13N
KZ,MUCIC ACID [=GALACTARIC ACID],210.1418,C6H10O8
L0,2-BENZYL-ISOTHIOUREA,166.2463,C8H10N2S
L1,"""2,3-BIS-(4-METHYL-BENZOYL-CARBONYLOXY)-SUCCINIC ACID (+/-)""",386.3617,C20H18O8
L2,D-HISTIDINE,155.1575,C6H9N3O2
L3,DIISOBUTYL-AMMONIUM,129.2473,C8H19N
L4,4-NITRO-BENZOIC ACID,167.1222,C7H5NO4
L5,1-OXY-PYRIDIN-2-YLAMINE,110.1164,C5H6N2O
L6,Mercuric Iodide,454.3988,HgI2
L7,FLUOROSULFONIC ACID,100.0686,HFO3S
L8,CARBONIC ACID MONOTRIFLUOROMETHYL ESTER,130.0237,C2HF3O3
L9,THIOACETIC ACID,76.1176,C2H4OS
LA,CHOLIC ACID,408.5834,C24H40O5
LB,(T/-4)-tetrachlorozincate(2-),209.19794,Cl4ZnH+2
LC,NA,140.1152,C2H4O5S
LD,2-NITRO-PHENYLAMINE,138.1269,C6H6N2O2
LE,"""BENZENESULFONAMIDE, 4-METHYL-""",171.2193,C7H9NO2S
LF,"""3-(3,5-DI-TERT-BUTYL-4-HYDROXY-PHENYL)-PROPIONIC ACID""",278.395,C17H26O3
LG,2-AMINO-5-GUANIDINO-PENTANOIC ACID,174.2041,C6H14N4O2
LH,N-ACETYL-D-PHENYLALANINE,207.2312,C11H13NO3
LJ,"2,3,4,5-tetrahydroxy-cyclohexanecarboxylic acid",192.17009,C7H12O6
LK,"""3#H/-1,2,4-TRIAZOLE-3-THIONE, 1,2-DIHYDRO-5-PHENYL-""",177.2291,C8H7N3S
LL,"""1#H/-1,2,4-TRIAZOLE-3-THIOL""",101.1303,C2H3N3S
LM,1#H/-BENZIMIDAZOLE-2-THIOL,150.2033,C7H6N2S
LN,D-GLUCAMINE,181.1902,C6H15NO5
LP,"""2,4,6-TRIMETHYL-PHENYLAMINE""",135.2107,C9H13N
LQ,"""2,3,4,6,7,8,9,10-OCTAHYDRO-PYRIMIDO[1,2-A]AZEPINE""",152.2413,C9H16N2
LR,TRIFLUORO-ACETALDEHYDE,98.0249,C2HF3O
LS,SULFURIC ACID DIMETHYL ESTER,126.1317,C2H6O4S
LT,TETRAETHYL-AMMONIUM,130.2553,C8H20N
LU,HYDRAZOIC ACID,43.0281,HN3
LV,"""ANTIMONATE(2-), BIS[]M/-[2,3-DIHYDROXYBUTANEDIOATO(4-)-#O/>1_,#O/>2_:#O/>3_,#O/>4_]]DI-, DIPOTASSIUM, TRIHYDRATE, STEREOISOMER""",535.6139,C8H4O12Sb2
LW,2-HYDROXYNAPHTHALENE-1-CARBOXYLATE - LEGACY SALT CODE IS AI,188.1846,C11H8O3
LX,2-AMINOBENZOTHIOPHENE - LEGACY SALT CODE WAS BI,149.2157,C8H7NS
LY,PYRILAMINE - LEGACY SALT CODE WAS CI,285.3924,C17H23N3O
LZ,3-METHOXYPROPYLAMINE - LEGACY SALT CODE DI,89.1384,C4H11NO
M0,4-ACETYLPYRIDINE - LEGACY SALT CODE EI,121.1399,C7H7NO
M1,P-BROMOBENZOYL ACETIC ACID - LEGACY SALT CODE FI,243.0583,C9H7BrO3
M2,1-AMINONAPHTHALENE - LEGACY SALT CODE HI,143.1899,C10H9N
M3,(S)-(+)-ALPHA-METHOXYPHENYLACETIC ACID - LEGACY SALT CODE JI,166.1782,C9H10O3
M4,"""1S,2R-(+)-N-METHYLEPHEDRINE - LEGACY SALT CODE KI""",179.2642,C11H17NO
M5,Glycine {=Aminoacetic Acid},75.07,C2H5NO2
M6,2-Amino-2-Methylpropan-1-ol,89.14,C4H11NO
M7,1-(2-Hydroxyethyl)-Pyrrolidine {=Epolamine},115.18,C6H13NO
M8,"N,N'-Bis-(Dehydroabiethyl)-Ethylenediamine {=Hydrabamine}",596.99,C42H64N2
M9,"1,3-Dimethylbarbituric Acid",156.14,C6H8N2O3
MA,(R)-(+)-Methylsuccinic Acid,132.114,C5H8O4
MB,"(1R,2S)-cis-1-Amino-2-Indanol",149.19,C9H11NO
MC,"(1S,2R)-cis-1-Amino-2-Indanol",149.19,C9H11NO
MD,"2,4,6-Triisopropylbenzenesulphonic acid",284.42,C15H24O3S
ME,(S)-(+)-2-(6-Methoxy-2-Naphthyl)-Propionic acid {=(S)-(+)-6-Methoxy-alpha-Methyl-2-Naphthyleneacetic Acid =Naproxen},230.26,C14H14O3
MF,Dicyclohexylmethylamine,195.35,C13H25N
MG,(R)-2-Amino-3-Phenylpropan-1-ol{=R-(D)-Phenylalaninol},151.208,C9H13NO
MH,"2-tert-Butyl-1,1,3,3-Tetramethylguanidine",171.285,C9H21N3
MI,(S)-2Amino-3-Phenylpropan-1-ol{=S-(L)-Phenylalaninol},151.21,C9H13NO
MJ,Phosphoric Acid Dibenzylester,278.244,C14H15O4P
MK,Mercury Dichloride {=Mercuric Chloride},271.496,HgCl2
ML,Mercury Trichloride {=Mercury Chloride Ion},306.949,HgCl3-
MM,"2,3-Dimethyl-[S-R*,R*)]-4-Pentenoic Acid [=(S,S-)-2,3-Dimethyl-4-Pentenoic Acid]",128.18,C7H12O2
MN,"N-Phenylbenzenamine {=N,N-Diphenylamine}",169.226,C12H11N
MP,(R)-2-Pyrrolidone-5-carboxylic acid {D-pyroglutamic acid},129.12,C5H7NO3
MQ,"2,6-Dimethoxybenzoic acid",182.18,C9H10O4
MR,(S)-Chlocyphos,276.66,C11H14ClO4P
MS,(R)-Chlocyphos,276.66,C11H14ClO4P
MT,(R)-(-)-O-Acetylmandelic acid,194.19,C10H10O4
MU,N-Acetyl-L-Cysteine,163.2,C5H9NO3S
MV,(S)-(+)-Phencyphos,242.21,C11H15O4P
MW,(R)-(-)-Phencyphos,242.21,C11H15O4P
MX,Phencyphos-(+/-),242.21,C11H15O4P
MY,(S)-(+)-O-Acetylmandelic acid,194.19,C10H10O4
MZ,4-({[(1S)-1-phenylethyl]amino}methyl)aniline,226.32,C15H18N2
N0,4-({[(1R)-1-phenylethyl]amino}methyl)aniline,226.32,C15H18N2
N1,"N,N-dimethyl-4-({[(1S)-1-phenylethyl]amino}
methyl)aniline",254.38,C17H22N2
N2,"N,N-dimethyl-4-({[(1R)-1-phenylethyl]amino}
methyl)aniline",254.38,C17H22N2
N3,2-Carboxy-2-hydroxy-succinate,178.1,C5H6O7
N4,"(4S )-2-hydroxy-5,5-dimethyl-4-phenyl- 1 ,3,2-dioxaphosphorinan 2-oxide",240.24,C12H17O3P
N5,"Glutaric acid  {=Pentanedioic acid =1,3-Propanedicarboxylic acid}",132.12,C5H8O4
N6,n-Octane Sulfonic acid,194.29,C8H18O3S
N7,n-Butane Sulfonic acid,138.19,C4H10O3S
N8,Dodecylsulfonate,250.1603,C12H26O3S
N9,4-(Dimethylamino)pyridine,122.17,C7H10N2
P1,Triphenyl Acetic acid,288.35,C20H16O2
P2,Quinuclidine {1-Azabicyclo[2.2.2]octane},111.19,C7H13N
P3,"Trans-1,4-diaminocyclohexane",114.19,C6H14N2
P4,"(+)-3-oxo-1,3-diphenylpropane-1-sulfonic acid",290.34,C15H14O4S
P5,"(-)-3-oxo-1,3-diphenylpropane-1-sulfonic acid",290.34,C15H14O4S
P6,Rhodium,101.9,Rh
P7,Ruthenium,100.06,Ru
P8,Samarium,149.39,Sm
P9,Tungsten,182.49,W
PA,Neodymium,143.23,Nd
PB,Cadmium,111.39,Cd
PC,Cobalt,57.92,Co
PD,Nitrous Acid,47.01,HNO2
PE,Hydrogen Cyanide,27.03,HCN
PF,Molybdenum,94.93,Mo
PG,Sulfur Trioxide,80.06,O3S
PH,Ytterbium,172.03,Yb
PJ,Selenocyanic acid,105.99,CHNSe
PK,Strontium,86.61,Sr
PL,"1,3-Di-ortho-tolylguanidine",239.32,C15H17N3
PM,Thallium,203.37,Tl
PN,Terbium,157.92,Tb
PP,Boron Trifluoride,67.81,BF3
PQ,Palladium,105.41,Pd
PR,Lanthanum,137.9,La
PS,Manganese,53.93,Mn
PT,Europium,150.95,Eu
PU,Chromium,50.98,Cr
PV,Platinum,194.08,Pt
PW,Nickel,57.69,Ni
Q0,"2,4,6-Triisopropylbenzenesulphonate {Only for Quaternary-type cmpds - N+, S+, P+}",283.4,C15H23O3S-
Q1,"Chloride {Only for Quaternary-type cmpds - N+, S+, P+}",35.45,Cl-
Q2,"Perchlorate {Only for Quaternary-type cmpds - N+, S+, P+}",99.45,ClO4-
Q3,"Tetrafluoroborate {Only for Quaternary-type cmpds - N+, S+, P+}",86.8,BF4-
Q4,"Bromide {Only for Quaternary-type cmpds - N+, S+, P+}",79.9,Br-
Q5,"Iodide {Only for Quaternary-type cmpds - N+, S+, P+}",126.91,I-
Q6,"Fluoride {Only for Quaternary-type cmpds - N+, S+, P+}",19,F-
Q7,"Triflate {=Trifluoromethanesulphonate ion / Only for Quaternary-type cmpds - N+, S+, P+}",149.063,CF3O3S-
Q8,"Hydrogensulphate {Only for Quaternary-type cmpds - N+, S+, P+}",97.07,HSO4-
Q9,NOT VALID (Allocated & used in error - cancelled Oct2004),0,
QA,"Trifluoroacetate Ion {Only for Quaternary-type cmpds - N+, S+, P+}",113.015,C2F3O2-
QB,"L-(+)-Tartrate {Only for Quaternary-type cmpds - N+, S+, P+}",149.077,C4H5O6-
QC,"Formate {Only for Quaternary-type cmpds - N+, S+, P+}",45.0169,CHO2-
QD,"Ethanesulfonate {Only for Quaternary-type cmpds - N+, S+, P+}",109.12,C2H5O3S-
QE,"2-(2-methoxy-ethoxy)ethanesulfonate {Only for Quaternary-type cmpds - N+, S+, P+}",183.2,C5H11O5S-
QF,"Tetrakis[3,5-bis(trifluoromethyl)phenyl]borate  {Only for Quaternary-type cmpds - N+, S+, P+}",863.23,C32H12BF24
QG,"Tosylate  {4-Toluenesulfonate / Only for Quaternary-type cmpds - N+, S+, P+}",171.2,C7H7O3S
QH,"Methanesulfonate {=Mesylate / Only for Quaternary-type cmpds - N+, S+, P+}",111.1,CH3O3S-
QJ,"Bicarbonate {=Carbonate/ Only for Quaternary-type cmpds - N+, S+, P+}",61.025,CHO3-
QK,"Acetate {Only for Quaternary-type cmpds - N+, S+, P+}",59.05,C2H3O2-
QL,"Octyl sulfate {Only for Quaternary-type cmpds - N+, S+, P+}",209.28,C8H17O4S-
QM,"Bis(trifluoromethanesulfonyl)imide  {Only for Quaternary-type cmpds - N+, S+, P+}",280.15,C2F6NO4S2-
QN,"Nitrate {Only for Quaternary-type cmpds - N+, S+, P+}",62,NO3-
QP,"Hexafluorophosphate {Only for Quaternary-type cmpds - N+, S+, P+}",144.96,F6P-
QQ,"Sulfate {Only for Quaternary-type cmpds - N+, S+, P+}",96.06,(SO4)2-
QR,"Hydrogen sulfite {Only for Quaternary-type cmpds - N+, S+, P+}",81.07,HO3S-
QS,"Cyanate {Only for Quaternary-type cmpds - N+, S+, P+}",42.02,CNO-
QT,"Dihydrogenphosphate {Only for Quaternary-type cmpds - N+, S+, P+}",96.99,H2O4P-
QU,"Benzenesulfonate {Only for Quaternary-type cmpds - N+, S+, P+}",157.17,C6H5O3S-
QV,"Fluorosulfate {Only for Quaternary-type cmpds - N+, S+, P+}",99.06,FO3S-
QW,"Tetraphenylborate {Only for Quaternary-type cmpds - N+, S+, P+}",319.23,C24H20B-
QX,"Methylsulfate {Only for Quaternary-type cmpds - N+, S+, P+}",111.1,CH3O4S-
RF,UNUSED SALT CODE,1,_
Z0,Trifluoroacetate:Triethylamine Mixed Salt (1:1 Ratio ONLY),214.21,C2HF3O2 C6H15N
Z1,Quaternary Iodide:Hydrogen Iodide Mixed Salt (1:1 Ratio ONLY),254.82,I.HI
Z2,Quaternary Trifluoroacetate:Trifluoroacetate Mixed Salt(1:1 ratio ONLY),227.0393,C2F3O2-.C2HF3O2
Z3,Quaternary Iodide:Hydrogen Chloride Mixed Salt (1:1 ratio ONLY),163.36,I-.HCl
ZP,"1,2-Diphenylethylamine",197.28,C14H15N
ZQ," 3,7-Diamino-4-methoxy-5-phenyl-phenazin-5-ium",317.37354,C19H17N4O
ZR,D-Galacturonic acid,194.1424,C6H10O7
ZS,"(R)-4-(2-Methoxy-phenyl)-5,5-dimethyl-2-oxo-2lambda*5*-[1,3,2]dioxaphosphinan-2-ol",272.24009,C12H17O5P
ZT,"(S)-4-(2-Methoxy-phenyl)-5,5-dimethyl-2-oxo-2lambda*5*-[1,3,2]dioxaphosphinan-2-ol",272.24009,C12H17O5P
ZU,Azetidin-3-ol,73.1,C3H7NO
ZV,2-[4-(4-Carbamimidoylsulfanylmethyl-phenoxy)-benzyl]-isothiourea,346.47606,C16H18N4OS2
ZW,Strychnidin-10-one,334.42169,C21H22N2O2
ZX,3-Ethyl-3H-thiazol-2-ylideneamine,128.19691,C5H8N2S
ZY,Thiophosphate,114.05991,H3O3PS
ZZ,"3-Oxo-1,1-bis-(2-oxo-ethyl)-propyl-ammonium",158.17859,C7H12NO3
